Chain,Residue,Degree,Betweenness,Role
A,132,2,0.021287169870165816,Normal
A,7,1,0.0,Normal
A,8,3,0.029297220997625856,Normal
A,136,6,0.1563719611915804,Hub
A,12,1,0.0,Normal
A,15,1,0.0,Normal
A,182,3,0.08552262576007527,Normal
A,187,3,0.027462887989203776,Normal
A,193,3,0.027462887989203776,Normal
A,195,2,0.004719400841284497,Normal
A,215,3,0.024150255501529105,Normal
A,223,3,0.0376874093068425,Normal
A,97,1,0.0,Normal
A,98,1,0.0,Normal
A,225,1,0.0,Normal
A,106,1,0.0,Normal
A,107,5,0.13856467271277567,Hub
A,108,8,0.35557626377101176,Hub
A,109,6,0.3366404879125031,Hub
A,110,4,0.11364902129255045,Hub
A,120,3,0.014077370491178291,Normal
B,8,3,0.051548938641027,Normal
B,12,1,0.0,Normal
B,15,2,0.0011246063877642823,Normal
B,177,1,0.0,Normal
B,181,2,0.015206329882443241,Normal
B,185,1,0.0,Normal
B,195,2,0.00044984255510571296,Normal
B,215,4,0.05739644970414202,Normal
B,97,2,0.0027492300771653003,Normal
B,98,2,0.044120843249194124,Normal
B,106,1,0.0,Normal
B,107,6,0.18870656935411861,Hub
B,108,7,0.19579323364775947,Hub
B,109,3,0.08943729941304297,Normal
B,110,6,0.27153213440261476,Hub
B,116,3,0.12971584144039294,Bottleneck
B,118,6,0.199560323335484,Hub
B,121,7,0.16466200641456608,Hub
B,124,2,0.013097566070078323,Normal
