Residue1,Residue2,Distance
A132,B15,3.7917542
A132,B110,3.7608707
A7,B121,4.7899528
A8,B121,3.8650799
A8,B215,4.5861006
A8,B108,4.739794
A136,B97,4.343907
A136,B107,4.2828
A136,B106,3.714222
A136,B108,2.9375675
A136,B215,3.938132
A136,B121,3.9091916
A12,B108,4.661515
A15,B110,4.441011
A182,B98,4.893023
A182,B107,3.971872
A182,B177,3.1827638
A187,B8,4.5525584
A187,B195,4.691118
A187,B118,3.3434193
A193,B8,4.5521007
A193,B195,4.500812
A193,B118,4.534504
A195,B107,4.5886097
A195,B121,4.418236
A215,B97,4.250354
A215,B108,4.408932
A215,B215,2.7606673
A223,B15,3.6812506
A223,B110,4.239345
A223,B181,3.4410455
A97,B118,4.6220336
A98,B107,4.249029
A225,B215,4.7700458
A106,B118,4.3619165
A107,B118,4.3201303
A107,B124,3.8025436
A107,B98,3.9935963
A107,B185,4.852223
A107,B116,4.4031677
A108,B8,4.8121867
A108,B118,3.715234
A108,B116,4.525105
A108,B110,4.98838
A108,B109,4.5538898
A108,B124,4.5698447
A108,B181,4.1207137
A108,B12,4.3560905
A109,B109,4.6960745
A109,B116,4.8334427
A109,B108,4.016052
A109,B121,3.8888223
A109,B110,3.474578
A109,B107,4.4911366
A110,B110,4.427838
A110,B109,4.4470153
A110,B108,4.4458833
A110,B121,4.45009
A120,B107,3.4792964
A120,B108,4.941293
A120,B121,2.7267945
